sim_num,team_a_cats,team_b_cats,ties,winner,team_a_FGM,team_a_FGA,team_a_FTM,team_a_FTA,team_a_FG3M,team_a_FG3A,team_a_PTS,team_a_REB,team_a_AST,team_a_STL,team_a_BLK,team_a_TOV,team_a_DD,team_b_FGM,team_b_FGA,team_b_FTM,team_b_FTA,team_b_FG3M,team_b_FG3A,team_b_PTS,team_b_REB,team_b_AST,team_b_STL,team_b_BLK,team_b_TOV,team_b_DD
0,4,7,0,B,196,454,114,144,61,177,567,214,141,38,19,60,5,229,503,96,126,76,214,630,222,153,42,11,68,1
1,4,7,0,B,221,455,110,137,73,183,625,209,145,40,19,58,6,254,523,98,118,92,226,698,227,153,45,11,76,3
2,7,4,0,A,204,448,115,137,67,173,590,214,139,42,19,59,6,218,514,102,125,64,218,602,221,156,47,12,73,5
3,2,8,1,B,211,446,105,140,59,175,586,212,148,40,16,60,6,240,504,101,119,83,218,664,218,155,45,16,77,3
4,3,6,2,B,212,445,105,136,64,175,593,208,142,43,17,61,5,242,515,101,122,90,222,675,223,151,43,13,72,5
5,6,5,0,A,221,454,110,137,71,180,623,207,143,40,17,52,5,235,522,101,126,87,225,658,218,150,43,10,70,1
6,5,6,0,B,210,445,113,138,63,176,596,201,142,41,22,58,6,222,511,88,116,79,220,611,225,155,47,11,71,0
7,5,6,0,B,223,450,118,138,72,174,636,208,141,38,17,61,6,242,520,91,118,92,222,667,224,152,42,15,69,5
8,5,6,0,B,205,452,109,135,66,177,585,211,143,40,18,62,6,238,516,91,121,78,220,645,223,151,48,14,72,3
9,4,7,0,B,225,452,111,139,78,179,639,212,143,37,14,59,4,241,516,79,116,82,223,643,222,149,48,15,73,5
10,7,4,0,A,219,449,111,138,68,175,617,204,145,44,21,61,6,224,512,94,119,78,221,620,224,149,39,13,76,4
11,4,6,1,B,221,447,109,139,56,175,607,208,143,40,17,61,5,213,516,108,123,73,223,607,218,153,47,13,77,4
12,4,7,0,B,210,456,116,142,62,182,598,210,140,38,18,60,6,229,514,100,117,84,219,642,222,158,46,12,71,4
13,7,3,1,A,222,460,116,138,78,183,638,211,142,38,20,59,4,226,518,91,118,78,221,621,222,155,44,11,73,3
14,5,5,1,TIE,207,450,116,143,65,179,595,207,145,42,16,61,4,229,507,95,121,78,218,631,221,156,42,15,74,5
15,3,7,1,B,191,444,106,131,62,175,550,212,143,39,17,55,5,242,517,92,117,80,224,656,224,158,44,15,71,5
16,6,5,0,A,206,452,110,136,70,177,592,207,140,40,15,60,6,231,516,86,122,76,221,624,219,155,43,14,73,4
17,3,8,0,B,204,455,108,139,64,179,580,215,149,39,20,60,3,226,513,101,123,79,218,632,220,152,45,12,77,4
18,5,6,0,B,219,447,108,140,71,177,617,209,144,38,16,59,6,231,510,95,120,86,217,643,225,148,46,12,74,5
19,8,3,0,A,210,448,111,140,75,177,606,203,151,40,18,59,5,216,508,93,120,67,217,592,223,158,45,10,72,1
20,5,5,1,TIE,203,458,112,137,64,179,582,210,143,44,16,54,5,219,507,101,116,69,218,608,226,151,44,13,77,3
21,6,5,0,A,226,453,113,139,74,179,639,204,140,40,18,61,5,240,501,87,115,78,213,645,224,149,42,12,75,2
22,7,4,0,A,228,453,112,132,70,174,638,211,144,43,18,54,6,223,514,102,124,77,220,625,232,152,46,17,70,3
23,7,4,0,A,228,449,125,141,75,177,656,212,140,37,17,59,5,229,502,99,123,84,216,641,225,148,42,14,71,2
24,6,5,0,A,204,446,112,140,65,174,585,208,146,41,22,58,6,226,517,96,123,77,222,625,223,150,46,13,73,3
25,3,7,1,B,190,448,115,138,57,179,552,208,145,40,18,54,6,242,513,99,121,77,220,660,229,150,46,9,76,6
26,6,5,0,A,208,450,118,142,73,176,607,208,144,43,19,57,6,234,509,98,122,80,222,646,226,154,44,15,73,5
27,6,5,0,A,222,452,118,139,65,180,627,204,146,41,20,60,6,234,514,92,117,72,220,632,222,152,44,15,74,3
28,3,7,1,B,203,451,108,138,51,174,565,210,139,40,19,62,4,226,520,107,128,75,223,634,230,155,45,12,74,4
29,6,5,0,A,228,451,117,147,74,175,647,210,146,43,18,61,4,240,514,91,120,80,220,651,227,149,47,13,78,1
30,4,7,0,B,214,446,124,142,73,175,625,210,143,41,15,58,5,255,516,98,118,96,222,704,218,150,46,11,73,3
31,6,5,0,A,207,451,118,138,67,178,599,207,147,43,20,58,4,233,513,96,116,70,222,632,228,151,46,15,72,2
32,3,7,1,B,207,447,118,139,65,177,597,205,144,36,15,58,6,244,507,100,120,83,217,671,224,156,44,15,71,4
33,7,4,0,A,228,451,122,144,71,175,649,213,146,41,16,61,6,221,513,102,122,83,219,627,224,156,49,12,75,3
34,4,7,0,B,202,446,120,139,62,172,586,209,140,40,17,60,6,240,510,94,116,81,216,655,220,153,45,14,75,5
35,5,5,1,TIE,226,457,112,140,63,178,627,207,148,42,16,57,6,245,520,92,121,93,222,675,224,148,49,13,73,5
36,6,5,0,A,214,446,110,138,67,174,605,206,141,39,17,57,6,234,513,93,120,84,221,645,228,156,46,11,71,4
37,7,4,0,A,232,452,110,141,81,176,655,216,137,38,18,61,6,234,515,101,117,70,221,639,219,150,43,13,72,4
38,5,6,0,B,220,451,117,134,66,176,623,203,144,39,22,61,5,252,508,90,113,80,218,674,224,149,47,10,74,3
39,5,6,0,B,208,450,120,146,67,176,603,211,144,41,19,55,6,242,508,101,127,82,219,667,226,151,44,15,72,5
40,6,5,0,A,218,455,123,139,70,178,629,214,146,36,18,56,6,237,507,89,116,75,216,638,224,153,46,14,72,5
41,4,7,0,B,198,447,122,139,67,173,585,205,145,37,19,61,6,264,510,103,121,88,216,719,223,153,44,12,70,3
42,6,5,0,A,217,450,110,139,74,174,618,206,145,40,18,56,5,246,516,94,119,79,217,665,229,151,46,17,76,2
43,7,4,0,A,221,450,113,137,68,176,623,212,142,39,19,59,5,228,518,90,116,75,221,621,224,152,44,12,70,3
44,5,6,0,B,194,450,119,139,54,176,561,216,145,42,17,56,5,217,508,100,126,80,217,614,229,149,43,13,79,4
45,5,5,1,TIE,205,449,114,140,62,173,586,209,149,37,16,56,4,218,512,89,119,78,220,603,224,151,46,14,74,4
46,6,5,0,A,196,440,128,146,58,172,578,210,144,38,20,59,4,213,512,87,119,72,219,585,224,152,40,13,71,3
47,4,7,0,B,207,450,119,142,65,177,598,215,140,43,19,57,5,243,510,101,123,88,219,675,227,157,44,10,71,2
48,3,8,0,B,209,456,108,140,59,178,585,212,144,40,19,61,6,243,510,108,124,85,220,679,226,151,44,12,75,4
49,4,7,0,B,197,450,113,141,64,176,571,211,145,40,22,56,6,238,510,91,118,84,218,651,229,155,48,14,73,3
50,7,4,0,A,220,449,122,141,69,177,631,212,144,38,17,61,6,218,510,100,122,74,220,610,227,151,43,13,71,3
51,5,6,0,B,225,454,114,136,67,174,631,208,144,40,18,59,5,242,525,88,121,88,225,660,227,154,42,11,74,4
52,5,6,0,B,219,443,108,134,64,172,610,200,144,42,19,60,4,237,505,102,126,80,216,656,226,151,46,11,75,3
53,5,6,0,B,218,442,104,134,65,174,605,211,146,41,17,65,6,233,515,91,113,70,221,627,222,156,49,14,78,4
54,7,4,0,A,228,458,116,138,73,182,645,215,148,38,18,57,5,242,512,88,118,79,220,651,221,147,42,11,73,1
55,5,6,0,B,214,454,111,136,66,179,605,217,141,41,17,60,6,243,515,98,121,79,222,663,224,149,44,14,74,4
56,7,4,0,A,233,454,121,138,74,177,661,212,144,39,19,57,6,218,510,102,121,76,218,614,226,149,43,11,74,4
57,6,5,0,A,193,445,116,139,61,174,563,205,143,38,19,55,6,221,510,91,118,73,215,606,228,148,44,16,76,3
58,8,3,0,A,244,452,124,140,80,180,692,203,149,42,19,58,6,228,512,97,120,70,220,623,225,152,45,13,72,5
59,6,5,0,A,207,437,112,131,62,171,588,211,146,44,15,55,6,231,510,95,127,80,219,637,226,155,41,12,72,3
60,8,3,0,A,243,460,117,140,83,183,686,215,141,38,20,59,6,230,515,101,126,79,222,640,229,158,44,12,72,4
61,5,5,1,TIE,224,447,113,140,64,175,625,214,140,43,18,62,4,234,507,98,118,78,218,644,227,156,43,12,73,2
62,7,4,0,A,230,445,109,143,75,177,644,212,138,36,18,60,5,222,516,100,127,72,222,616,224,154,49,12,77,4
63,6,5,0,A,223,451,111,132,70,174,627,203,139,36,19,61,6,234,506,96,119,84,217,648,222,159,42,12,72,4
64,8,3,0,A,221,445,123,140,73,175,638,208,148,44,18,57,6,231,513,100,121,74,220,636,227,155,41,10,75,4
65,4,7,0,B,215,454,117,141,60,180,607,210,147,40,21,58,6,251,512,102,124,88,218,692,223,154,45,13,72,3
66,4,5,2,B,193,457,109,137,62,181,557,208,149,44,15,60,5,227,509,87,117,67,217,608,217,153,44,15,71,2
67,4,7,0,B,216,449,117,140,66,176,615,210,140,41,19,61,4,233,512,110,127,75,220,651,228,151,44,14,77,6
68,5,5,1,TIE,207,447,114,137,56,173,584,215,145,43,19,56,6,216,509,93,117,66,216,591,226,149,48,14,76,6
69,4,7,0,B,201,450,118,134,58,176,578,206,139,39,16,59,6,241,521,94,121,80,225,656,223,154,41,15,74,2
70,5,5,1,TIE,213,446,120,138,71,174,617,210,142,40,19,58,6,243,517,100,115,86,224,672,225,152,45,11,72,5
71,5,6,0,B,215,448,116,135,59,178,605,211,139,39,18,58,6,229,512,104,125,89,221,651,223,159,45,15,76,1
72,5,6,0,B,202,453,115,144,66,175,585,208,139,39,19,58,6,228,515,98,120,76,223,630,226,150,44,11,75,3
73,5,6,0,B,224,452,119,138,67,173,634,209,143,41,15,59,6,247,511,95,120,89,220,678,223,154,45,10,74,3
74,8,3,0,A,218,454,111,136,77,177,624,209,141,43,19,55,5,213,509,94,121,74,215,594,225,151,46,14,73,3
75,6,5,0,A,225,438,118,137,69,174,637,205,142,37,18,59,5,244,517,92,116,75,220,655,226,150,41,11,73,1
76,6,5,0,A,215,450,114,143,65,177,609,209,145,40,19,54,5,245,523,86,112,81,225,657,227,152,46,13,74,2
77,4,6,1,B,217,447,110,134,65,176,609,212,145,37,20,59,3,233,507,93,118,84,217,643,219,156,49,12,73,3
78,3,7,1,B,208,451,113,137,66,173,595,210,146,41,19,58,6,240,509,88,118,90,218,658,217,156,47,12,75,6
79,6,5,0,A,227,455,118,137,74,177,646,209,145,39,17,57,6,248,515,93,119,85,219,674,225,153,46,11,77,4
80,4,7,0,B,203,447,121,141,56,176,583,207,137,41,17,59,5,241,516,93,121,78,220,653,224,153,43,11,80,2
81,5,6,0,B,229,454,107,142,77,179,642,208,142,42,18,59,5,238,512,94,113,87,219,657,223,152,46,11,75,2
82,4,7,0,B,218,453,113,143,64,179,613,209,143,39,18,60,6,246,514,102,123,88,222,682,225,149,41,15,74,3
83,4,7,0,B,202,448,123,141,65,174,592,207,140,46,20,58,6,245,511,98,122,76,219,664,227,152,49,13,71,7
84,4,7,0,B,206,453,123,143,56,177,591,210,145,40,20,61,6,239,519,92,116,85,223,655,225,154,42,14,73,3
85,5,6,0,B,218,449,120,139,68,176,624,210,142,38,21,57,4,237,516,94,116,86,222,654,221,152,42,11,75,1
86,6,5,0,A,210,449,115,140,63,177,598,211,151,41,19,56,6,225,513,94,118,83,223,627,230,148,47,13,74,4
87,3,8,0,B,202,448,115,139,59,180,578,207,144,42,17,59,5,251,520,99,116,80,223,681,220,150,50,11,70,2
88,5,6,0,B,217,447,118,137,69,174,621,206,145,41,20,63,5,233,511,95,122,88,217,649,225,151,48,15,67,3
89,5,6,0,B,220,450,112,137,66,176,618,212,143,40,20,58,4,228,518,96,114,75,224,627,224,157,45,11,74,2
90,5,6,0,B,207,444,117,145,67,174,598,211,141,41,19,55,6,236,520,100,119,82,223,654,217,152,42,13,75,4
91,6,5,0,A,211,447,115,144,73,174,610,202,147,42,19,59,6,241,513,88,117,81,220,651,231,152,48,13,75,5
92,4,6,1,B,224,452,104,135,69,175,621,208,143,42,19,57,5,248,504,99,122,77,218,672,224,154,49,15,72,5
93,4,6,1,B,207,447,113,138,63,174,590,211,143,40,18,60,3,222,509,97,117,74,219,615,222,149,43,13,73,3
94,7,4,0,A,211,450,114,141,69,173,605,213,140,42,19,54,6,219,507,90,114,76,216,604,218,150,44,14,72,3
95,6,4,1,A,230,457,116,136,75,180,651,204,141,41,17,59,5,223,508,97,121,78,218,621,225,151,46,14,74,5
96,6,5,0,A,214,445,113,140,67,174,608,207,145,40,17,59,5,226,510,94,121,84,221,630,220,153,45,15,72,0
97,6,5,0,A,220,450,122,141,79,176,641,204,147,40,17,58,6,242,515,91,116,89,219,664,224,149,43,13,74,3
98,4,7,0,B,196,453,113,136,69,179,574,203,144,40,19,54,3,247,517,96,116,78,222,668,223,157,43,11,72,6
99,4,7,0,B,202,449,112,142,61,176,577,217,142,41,21,61,6,227,514,102,129,77,219,633,220,152,42,11,71,3
100,7,4,0,A,230,457,119,140,73,180,652,209,145,42,17,58,5,239,502,86,115,76,214,640,224,147,45,12,71,1
101,5,6,0,B,206,449,113,137,63,177,588,208,139,42,18,59,6,234,511,88,117,91,221,647,224,151,43,11,72,4
102,6,5,0,A,228,454,114,140,66,181,636,210,146,46,19,55,6,225,508,101,121,72,218,623,225,154,47,13,75,2
103,5,5,1,TIE,209,452,116,141,69,178,603,204,138,41,18,62,4,228,519,93,120,72,222,621,233,155,45,12,74,4
104,8,2,1,A,225,445,109,132,75,175,634,204,145,39,20,59,5,209,508,95,119,73,219,586,222,152,39,16,73,1
105,5,6,0,B,193,448,107,133,66,175,559,206,140,37,16,56,4,250,514,96,122,75,222,671,222,149,50,12,72,3
106,5,6,0,B,212,444,116,140,63,173,603,204,144,41,16,62,6,233,514,98,119,82,217,646,223,146,47,13,70,4
107,6,3,2,A,218,450,120,137,71,175,627,203,149,42,22,59,5,231,509,100,124,76,217,638,225,149,42,13,76,3
108,5,6,0,B,206,441,119,137,68,168,599,208,147,41,19,61,6,246,520,97,124,77,226,666,224,154,46,16,73,4
109,5,5,1,TIE,221,451,114,139,80,178,636,205,147,41,20,59,6,236,509,100,120,76,216,648,224,149,48,14,72,6
110,7,4,0,A,212,445,119,139,68,172,611,207,144,41,17,57,5,216,512,101,119,72,221,605,224,154,43,12,72,1
111,6,5,0,A,202,450,109,131,66,178,579,208,146,40,20,59,4,222,505,95,122,81,221,620,224,156,47,11,74,3
112,6,5,0,A,207,451,113,138,53,175,580,210,149,40,19,60,6,228,505,90,124,80,219,626,222,148,46,11,73,5
113,4,6,1,B,202,452,105,133,69,179,578,210,144,39,18,59,4,222,511,99,121,78,220,621,226,149,41,13,71,4
114,4,7,0,B,221,447,109,140,55,173,606,211,136,42,17,59,5,252,517,103,125,93,220,700,223,155,47,11,75,3
115,4,7,0,B,201,451,117,135,59,176,578,206,142,41,20,53,5,233,507,89,120,76,220,631,219,153,46,15,69,3
116,6,5,0,A,218,450,108,130,60,178,604,214,148,42,20,59,5,230,505,93,116,69,213,622,224,154,46,14,75,3
117,3,7,1,B,200,437,113,137,57,173,570,211,144,41,18,56,6,253,515,97,119,99,219,702,229,151,45,17,74,6
118,6,5,0,A,214,451,111,138,70,175,609,214,147,38,21,55,6,214,517,101,124,71,221,600,223,150,41,14,74,2
119,6,5,0,A,224,462,120,145,70,180,638,209,140,37,20,57,5,242,510,95,116,75,219,654,231,153,47,13,74,3
120,8,3,0,A,220,458,112,138,74,180,626,201,144,40,20,54,7,216,512,87,118,73,220,592,226,153,48,12,73,3
121,5,6,0,B,224,443,110,138,64,171,622,210,141,38,16,55,6,237,514,97,120,80,221,651,225,151,43,15,70,4
122,3,8,0,B,192,454,116,137,62,179,562,209,145,40,15,61,5,226,515,98,121,78,224,628,226,146,44,10,74,6
123,6,5,0,A,216,456,115,134,68,179,615,215,145,40,18,59,6,224,505,101,123,79,213,628,224,150,47,9,74,1
124,6,5,0,A,217,452,122,139,63,177,619,212,148,40,18,62,7,228,516,96,122,77,220,629,228,156,45,14,67,5
125,6,5,0,A,202,446,117,138,59,173,580,206,143,43,17,55,6,227,510,98,123,65,220,617,226,154,44,14,71,4
126,6,5,0,A,209,450,114,140,68,176,600,209,147,41,18,61,6,234,523,101,125,75,225,644,218,157,44,14,75,3
127,8,3,0,A,228,443,112,136,76,174,644,209,142,41,18,54,6,235,516,95,121,74,221,639,223,151,48,14,69,4
128,6,5,0,A,216,453,112,135,65,177,609,203,138,40,19,59,6,227,507,96,120,68,216,618,225,149,45,15,73,3
129,5,6,0,B,203,448,114,139,66,178,586,210,146,39,18,57,4,235,512,97,123,78,219,645,217,152,47,13,72,3
130,7,4,0,A,237,456,114,137,74,175,662,208,147,42,18,60,5,233,514,105,126,80,220,651,223,144,47,11,75,3
131,5,6,0,B,221,450,112,141,72,178,626,204,142,40,18,61,6,231,510,97,119,82,217,641,221,152,45,11,76,3
132,5,6,0,B,228,454,123,143,63,173,642,208,141,38,18,63,6,235,507,97,118,87,218,654,224,154,43,11,72,3
133,4,7,0,B,204,448,119,143,58,178,585,211,146,39,19,57,6,245,503,98,119,81,215,669,225,157,46,14,72,4
134,5,6,0,B,195,440,120,136,56,175,566,206,145,39,18,54,6,225,513,96,121,73,219,619,217,151,44,13,70,3
135,3,8,0,B,214,460,103,132,61,179,592,210,143,41,18,59,6,244,512,94,116,80,219,662,224,148,48,16,72,4
136,7,4,0,A,218,445,112,136,73,174,621,210,147,38,20,58,6,229,518,96,117,72,224,626,227,154,46,11,74,2
137,3,8,0,B,197,449,113,141,61,175,568,206,144,42,18,58,4,238,513,109,125,82,221,667,224,151,47,9,72,3
138,6,5,0,A,229,445,115,134,76,175,649,204,146,43,17,61,5,243,507,93,117,84,216,663,220,147,46,12,75,2
139,5,6,0,B,207,445,112,138,61,175,587,207,143,39,21,55,4,237,518,100,128,89,221,663,221,152,45,15,73,3
140,4,7,0,B,213,455,103,135,72,179,601,212,142,36,18,59,5,243,517,101,124,87,220,674,226,147,41,12,69,3
141,6,5,0,A,216,440,117,139,70,172,619,210,142,39,16,59,6,227,509,90,118,79,218,623,226,155,43,13,70,2
142,7,4,0,A,218,451,116,146,68,178,620,207,139,40,21,59,6,220,519,82,115,72,223,594,228,151,43,13,70,4
143,8,3,0,A,227,448,110,137,78,174,642,210,146,38,19,58,4,236,512,94,119,72,220,638,221,150,43,10,74,3
144,4,7,0,B,198,448,115,135,63,174,574,209,142,43,17,53,6,243,518,102,125,88,222,676,217,155,44,11,71,2
145,7,4,0,A,222,450,115,143,68,175,627,208,142,41,16,60,6,224,505,95,115,67,217,610,220,156,44,12,72,3
146,4,7,0,B,202,445,124,143,61,173,589,209,137,41,20,59,5,224,514,97,122,88,223,633,223,153,44,15,71,6
147,5,6,0,B,230,454,109,131,67,177,636,206,144,37,17,58,6,240,513,99,120,85,220,664,229,155,44,11,75,4
148,6,5,0,A,210,447,120,142,68,176,608,212,144,41,16,56,5,231,516,82,122,70,219,614,228,149,43,12,69,3
149,4,7,0,B,206,450,107,141,68,177,587,210,144,43,19,61,6,246,513,100,119,80,217,672,228,153,44,12,75,3
150,7,4,0,A,229,444,110,136,72,176,640,208,144,38,17,55,6,231,510,94,118,74,217,630,224,155,46,13,74,2
151,6,5,0,A,211,456,106,140,66,180,594,210,144,43,19,60,6,223,512,86,116,70,219,602,226,155,48,13,71,2
152,6,5,0,A,232,450,110,139,63,178,637,209,142,40,19,60,6,206,511,103,119,71,219,586,227,156,48,11,76,3
153,4,7,0,B,216,446,112,138,63,174,607,205,145,41,17,56,5,232,508,111,128,77,217,652,224,151,48,12,71,6
154,5,6,0,B,213,446,117,142,69,175,612,215,144,37,17,57,6,226,515,104,122,82,220,638,228,154,44,11,76,3
155,5,6,0,B,208,458,109,139,67,184,592,215,142,37,19,60,5,232,516,99,125,78,222,641,225,151,42,13,73,2
156,6,5,0,A,222,448,114,137,65,175,623,206,141,41,22,61,6,231,511,94,119,74,219,630,226,147,45,15,74,1
157,3,8,0,B,212,458,105,142,58,180,587,206,143,43,18,61,6,247,519,99,118,78,223,671,220,156,45,14,73,3
158,4,7,0,B,201,448,114,141,55,175,571,209,139,41,16,64,6,229,507,98,123,78,215,634,217,148,43,14,75,0
159,6,5,0,A,200,456,111,138,69,181,580,207,145,43,19,61,4,218,504,94,124,73,217,603,222,157,44,14,72,3
160,8,3,0,A,229,453,122,143,72,174,652,210,142,42,18,58,6,231,504,92,117,81,215,635,219,149,41,14,77,3
161,3,8,0,B,215,450,109,136,65,177,604,208,142,40,17,57,6,248,515,98,119,83,218,677,221,148,45,13,70,2
162,7,3,1,A,227,452,117,140,66,177,637,213,142,43,19,58,5,239,512,84,108,75,218,637,223,151,42,13,75,3
163,3,8,0,B,220,449,105,137,59,176,604,209,144,41,16,59,5,257,519,93,117,80,221,687,224,152,46,13,76,4
164,4,7,0,B,198,446,124,143,63,176,583,210,145,40,17,54,6,232,517,93,117,83,219,640,231,149,45,10,73,1
165,5,6,0,B,191,455,114,136,60,177,556,211,142,40,16,58,6,223,512,92,116,71,221,609,227,153,45,13,75,3
166,5,6,0,B,227,446,107,137,75,177,636,212,147,41,19,60,5,234,507,101,120,80,218,649,217,152,43,14,72,0
167,4,7,0,B,205,442,121,144,57,172,588,211,143,40,19,55,4,222,510,97,121,72,217,613,227,153,42,15,72,5
168,3,8,0,B,205,448,116,141,61,174,587,209,143,42,18,58,4,232,509,107,123,79,220,650,230,152,49,13,73,6
169,5,6,0,B,189,443,122,140,55,174,555,206,144,43,17,59,5,221,506,100,121,71,217,613,219,153,42,12,79,2
170,3,8,0,B,197,443,122,145,61,174,577,205,146,41,20,57,6,246,511,102,121,86,218,680,227,151,49,11,77,3
171,4,6,1,B,198,450,116,142,61,176,573,215,148,40,18,59,5,254,514,95,123,83,220,686,224,148,43,13,74,3
172,5,6,0,B,200,448,111,132,58,175,569,208,140,37,18,57,6,217,512,95,118,73,218,602,226,155,44,15,70,2
173,6,5,0,A,213,448,114,140,67,175,607,207,146,37,17,56,6,228,513,89,119,80,221,625,221,150,45,10,73,3
174,4,7,0,B,193,448,119,142,51,176,556,211,144,41,20,59,6,239,514,103,128,79,223,660,225,153,46,12,74,4
175,5,6,0,B,208,446,109,136,67,175,592,212,141,40,17,58,3,236,515,86,116,79,222,637,227,154,45,11,74,4
176,4,7,0,B,202,443,122,139,57,172,583,208,143,40,20,62,6,238,511,96,121,78,215,650,227,155,41,14,73,4
177,7,4,0,A,218,454,111,136,67,177,614,216,144,40,17,59,6,216,509,100,123,70,221,602,224,152,42,12,77,3
178,6,5,0,A,201,454,107,133,57,179,566,205,144,39,18,61,5,214,508,93,121,65,218,586,226,149,41,14,74,4
179,4,6,1,B,207,450,122,140,70,176,606,210,145,42,18,60,4,245,517,97,123,80,221,667,218,151,44,12,71,4
180,4,7,0,B,211,455,115,145,60,178,597,217,140,39,18,54,6,219,514,92,115,76,221,606,229,149,42,9,72,2
181,5,6,0,B,219,449,114,139,70,175,622,214,147,36,17,56,4,242,516,105,122,79,219,668,222,154,44,13,70,3
182,7,4,0,A,222,448,104,132,67,176,615,214,150,38,19,58,6,203,508,94,121,71,220,571,222,157,44,15,71,4
183,5,6,0,B,218,444,113,137,68,175,617,211,142,39,18,60,6,224,518,106,124,73,221,627,228,152,48,13,70,4
184,7,4,0,A,216,451,116,148,75,174,623,212,145,41,22,58,6,223,519,97,120,68,221,611,221,153,44,16,72,3
185,7,3,1,A,230,455,108,134,72,176,640,204,147,38,19,59,4,229,512,98,123,66,220,622,232,151,40,14,75,4
186,5,6,0,B,206,449,112,142,67,175,591,206,141,41,16,62,5,230,504,100,121,76,213,636,221,151,44,15,76,3
187,5,6,0,B,212,453,113,134,64,181,601,219,145,40,18,57,5,236,509,95,116,82,217,649,221,154,42,11,76,3
188,5,6,0,B,227,455,115,144,71,177,640,205,142,38,17,60,4,238,515,98,124,91,221,665,225,152,42,10,72,3
189,6,5,0,A,229,449,111,134,74,175,643,205,150,38,21,63,5,226,512,100,116,76,220,628,215,155,44,14,72,1
190,5,6,0,B,218,453,106,133,72,177,614,216,142,40,18,59,6,224,512,97,121,74,222,619,228,153,47,13,76,2
191,5,5,1,TIE,228,447,106,135,72,175,634,205,145,41,18,60,6,254,515,99,120,78,217,685,222,153,41,14,74,3
192,4,7,0,B,210,453,110,138,59,176,589,206,137,40,16,62,5,229,521,98,118,78,223,634,230,149,44,14,74,3
193,7,4,0,A,229,450,114,142,70,175,642,204,141,37,15,61,5,224,514,86,122,81,218,615,218,151,45,13,74,4
194,6,5,0,A,229,441,112,135,69,175,639,210,142,41,19,57,6,233,512,101,123,75,219,642,217,151,46,14,73,4
195,6,5,0,A,223,449,114,139,60,173,620,215,142,42,17,59,6,236,520,97,119,75,224,644,225,151,45,14,77,3
196,5,6,0,B,214,444,107,134,67,174,602,205,144,43,20,56,6,236,515,95,117,81,222,648,227,155,46,16,72,5
197,6,4,1,A,221,451,114,141,69,173,625,204,148,41,21,60,6,228,512,89,115,72,220,617,224,153,46,13,70,6
198,6,5,0,A,232,456,115,138,81,178,660,215,140,35,21,60,4,239,516,101,122,88,224,667,220,146,44,13,72,3
199,5,5,1,TIE,221,450,105,138,65,177,612,204,141,42,19,59,5,233,518,95,119,73,224,634,223,148,42,13,75,3
200,8,3,0,A,235,460,116,140,75,182,661,207,141,39,18,57,5,210,508,93,120,62,216,575,224,149,44,13,74,4
201,4,6,1,B,201,446,116,140,68,174,586,206,141,42,18,60,4,232,516,88,125,86,220,638,219,151,45,15,74,4
202,6,5,0,A,219,449,120,137,72,177,630,212,144,43,15,59,6,228,513,98,122,84,222,638,220,155,44,12,72,3
203,3,7,1,B,211,456,110,138,61,177,593,213,143,42,20,60,5,220,516,96,114,81,220,617,233,152,44,15,74,5
204,4,7,0,B,209,454,119,141,69,178,606,209,144,40,18,62,6,236,506,94,118,86,219,652,219,155,42,13,76,5
205,7,3,1,A,224,449,117,141,73,177,638,209,149,42,19,58,4,210,513,86,113,66,222,572,222,151,42,14,75,5
206,4,7,0,B,199,455,111,139,54,179,563,204,148,40,19,58,4,237,511,98,123,86,222,658,218,154,42,13,71,3
207,4,7,0,B,193,448,115,135,52,175,553,210,148,41,18,59,6,241,514,92,120,88,219,662,224,158,42,13,76,2
208,6,5,0,A,222,446,117,142,74,175,635,208,142,41,19,56,4,234,511,92,124,88,217,648,219,154,47,13,76,3
209,4,7,0,B,223,454,107,139,61,176,614,212,147,36,20,56,5,238,515,95,119,73,219,644,222,157,43,15,76,6
210,4,7,0,B,214,450,121,139,62,175,611,209,144,41,17,63,5,239,508,99,121,87,218,664,223,152,44,13,72,6
211,4,6,1,B,214,452,110,134,68,177,606,216,143,42,19,57,5,237,519,99,121,86,221,659,222,151,43,12,70,5
212,4,7,0,B,206,451,112,134,56,176,580,205,143,41,20,57,6,245,509,92,116,80,218,662,222,155,45,13,75,3
213,7,4,0,A,220,446,118,139,73,175,631,210,144,44,17,57,6,235,511,91,118,74,218,635,222,155,43,16,75,4
214,4,7,0,B,190,447,109,134,62,177,551,210,142,40,20,60,4,222,513,103,123,65,218,612,227,146,42,14,70,2
215,3,8,0,B,190,444,118,138,65,173,563,206,139,38,20,59,4,258,515,89,118,90,223,695,228,154,44,14,73,5
216,4,7,0,B,219,455,114,138,66,179,618,214,142,34,19,59,5,251,516,96,117,85,221,683,223,147,50,12,71,4
217,8,3,0,A,221,448,122,137,78,179,642,211,141,40,18,59,6,227,505,102,124,71,217,627,220,154,45,14,75,2
218,4,7,0,B,200,449,111,134,52,175,563,211,143,40,18,58,5,243,510,83,117,92,219,661,220,150,47,13,73,3
219,8,3,0,A,232,459,116,140,79,178,659,208,143,40,16,61,6,229,507,99,124,75,218,632,217,154,44,12,71,3
220,7,4,0,A,214,450,113,138,59,177,600,211,142,43,17,55,6,212,508,97,118,67,215,588,227,153,42,12,73,4
221,5,6,0,B,223,447,122,137,64,175,632,209,143,39,17,55,5,244,511,99,122,84,219,671,224,151,44,12,69,2
222,4,6,1,B,213,444,123,140,68,173,617,212,145,37,17,59,5,247,507,95,125,81,217,670,223,154,49,13,74,5
223,5,5,1,TIE,195,452,118,137,67,180,575,210,146,39,18,60,5,220,511,90,119,80,220,610,225,154,45,12,70,5
224,6,5,0,A,208,444,119,136,75,174,610,211,145,40,22,58,6,227,508,102,124,86,219,642,232,152,44,13,75,5
225,5,6,0,B,224,447,112,143,71,177,631,206,143,39,19,57,5,232,510,86,117,82,217,632,224,149,44,14,70,6
226,7,4,0,A,226,458,111,139,77,179,640,207,149,42,19,58,6,244,516,88,123,86,222,662,231,150,41,10,74,3
227,5,6,0,B,223,451,119,142,62,175,627,211,141,40,20,62,6,230,514,96,121,86,222,642,222,153,43,15,77,5
228,6,3,2,A,216,443,120,140,69,172,621,217,143,39,22,58,5,220,504,96,123,69,216,605,225,144,43,13,72,5
229,5,5,1,TIE,205,450,109,140,78,172,597,211,149,40,17,54,5,234,509,94,125,69,215,631,223,152,47,14,73,5
230,5,6,0,B,223,444,105,134,78,173,629,206,145,44,20,58,4,241,507,99,124,85,217,666,224,154,45,13,71,3
231,5,6,0,B,229,451,117,133,74,179,649,210,146,39,17,60,6,252,509,106,123,96,218,706,225,152,44,13,77,4
232,3,8,0,B,216,460,103,141,62,181,597,212,144,38,19,60,4,233,506,99,123,91,217,656,223,156,41,12,71,5
233,7,4,0,A,214,456,128,150,64,183,620,205,150,43,16,59,5,226,513,101,123,66,221,619,228,155,45,14,75,3
234,5,6,0,B,228,457,111,134,62,176,629,214,145,41,20,55,6,233,516,93,120,78,221,637,224,150,47,12,72,4
235,6,4,1,A,235,455,113,140,81,175,664,206,137,37,18,61,5,243,504,94,118,84,214,664,227,157,48,13,73,2
236,4,7,0,B,219,443,118,140,70,173,626,209,146,39,16,61,5,243,517,93,115,94,226,673,225,154,44,12,74,6
237,6,5,0,A,213,454,117,138,68,180,611,208,138,42,21,62,6,235,520,104,124,74,222,648,222,156,51,15,73,5
238,6,5,0,A,237,447,124,144,75,174,673,211,140,36,16,60,6,238,510,108,126,91,218,675,223,154,46,12,67,2
239,6,5,0,A,220,446,109,136,65,178,614,211,143,40,21,57,6,227,516,97,125,73,220,624,223,153,44,12,72,2
240,4,7,0,B,196,438,121,143,62,172,575,210,145,40,17,60,5,246,517,90,114,96,219,678,227,155,45,11,74,0
241,5,6,0,B,219,450,123,143,61,176,622,215,143,40,19,56,6,239,507,92,118,85,218,655,222,152,45,15,75,3
242,5,6,0,B,211,456,120,136,64,180,606,212,145,40,18,56,5,232,518,88,109,81,222,633,221,150,45,11,79,4
243,5,6,0,B,212,451,113,140,58,178,595,211,141,38,19,57,5,222,511,105,124,66,219,615,225,149,44,17,76,4
244,8,3,0,A,217,451,109,135,74,178,617,213,140,40,19,58,4,219,516,88,113,72,222,598,229,147,43,9,74,3
245,5,6,0,B,217,454,113,133,64,176,611,208,139,37,19,59,6,231,514,89,118,82,216,633,227,152,43,14,72,3
246,5,5,1,TIE,213,455,112,135,74,178,612,211,143,41,16,62,5,221,511,107,127,68,220,617,226,147,46,13,74,5
247,4,7,0,B,215,449,114,137,68,172,612,210,145,40,18,59,6,246,501,97,120,96,214,685,225,154,42,12,72,4
248,4,6,1,B,210,448,110,136,66,175,596,210,142,38,18,62,5,224,511,98,121,79,220,625,225,150,43,15,74,5
249,5,6,0,B,213,446,108,139,69,174,603,209,139,39,19,60,6,238,515,101,121,80,219,657,223,154,44,14,76,3
250,7,3,1,A,223,448,113,139,68,176,627,210,140,38,19,57,6,218,506,94,125,68,214,598,229,155,40,13,75,0
251,5,6,0,B,218,452,110,134,66,176,612,208,137,40,18,58,5,233,514,95,115,82,219,643,222,150,45,13,71,3
252,3,7,1,B,217,452,120,141,66,181,620,205,142,41,19,56,6,250,512,91,117,83,220,674,224,159,44,13,71,6
253,7,3,1,A,217,442,116,140,63,170,613,206,143,43,20,60,6,227,517,86,119,70,217,610,220,153,43,11,72,2
254,4,5,2,B,211,449,114,141,66,175,602,210,143,42,16,56,5,233,516,96,116,80,223,642,225,152,42,16,72,4
255,4,7,0,B,213,455,115,141,55,178,596,207,143,42,17,57,6,239,507,98,126,86,218,662,226,147,43,13,72,2
256,6,5,0,A,223,451,121,142,58,175,625,209,145,38,20,62,5,220,512,97,119,76,223,613,223,153,42,14,71,4
257,6,5,0,A,208,447,112,135,68,177,596,218,143,37,19,56,6,232,511,99,126,73,221,636,227,156,44,10,74,4
258,3,8,0,B,216,446,110,134,70,178,612,211,143,40,20,57,6,255,511,99,120,93,219,702,228,147,44,12,72,2
259,3,8,0,B,209,450,111,142,68,178,597,208,143,43,19,59,5,249,513,95,117,90,224,683,230,155,47,11,76,4
260,6,5,0,A,234,459,118,136,79,181,665,212,141,39,16,62,6,253,516,100,122,90,224,696,228,152,42,15,74,4
261,6,5,0,A,207,453,109,138,75,178,598,209,144,37,17,59,6,218,512,98,115,73,223,607,219,156,46,14,72,3
262,6,5,0,A,223,451,115,135,71,179,632,213,143,42,17,55,5,250,515,91,121,84,220,675,229,160,50,12,73,1
263,5,6,0,B,204,457,118,139,55,179,581,207,151,39,18,59,5,243,509,89,119,80,219,655,220,150,41,13,73,3
264,6,5,0,A,224,459,119,139,71,178,638,202,147,38,18,58,6,234,514,97,121,75,222,640,227,150,43,8,73,4
265,6,4,1,A,221,447,122,145,75,173,639,211,145,43,17,52,6,232,518,94,116,81,223,639,221,149,48,14,72,3
266,5,6,0,B,214,447,119,144,61,174,608,205,142,38,20,59,6,239,515,102,127,89,221,669,219,156,43,12,75,3
267,4,6,1,B,222,453,118,138,65,177,627,206,142,41,21,58,6,239,510,98,118,83,216,659,221,155,44,12,69,6
268,5,6,0,B,204,452,117,142,69,176,594,211,145,40,17,61,6,229,504,95,123,79,219,632,222,161,49,15,78,4
269,7,4,0,A,230,443,120,138,62,173,642,207,141,42,18,59,4,223,525,97,121,66,222,609,223,148,46,14,73,3
270,5,6,0,B,208,446,118,143,67,176,601,209,147,41,14,59,5,240,513,97,121,78,218,655,221,153,43,13,73,3
271,4,7,0,B,189,448,117,144,53,174,548,206,139,38,19,59,5,220,512,94,120,77,218,611,225,149,46,17,71,4
272,2,9,0,B,194,441,111,139,56,176,555,209,146,36,19,55,6,240,512,101,120,77,220,658,224,150,45,12,70,7
273,7,4,0,A,212,444,109,138,72,175,605,213,143,40,18,56,5,228,510,90,114,62,219,608,225,152,45,15,75,1
274,3,8,0,B,200,448,112,141,60,178,572,208,146,44,18,57,4,241,511,94,115,79,220,655,221,149,46,10,74,3
275,4,6,1,B,218,452,111,137,60,177,607,210,140,37,15,62,4,242,511,91,125,76,217,651,222,150,45,15,76,2
276,5,6,0,B,207,451,109,140,65,176,588,209,141,38,19,62,5,225,508,93,123,95,218,638,222,151,49,13,77,3
277,5,6,0,B,229,449,115,139,68,176,641,208,139,42,18,61,4,236,503,100,117,76,213,648,226,153,44,12,76,3
278,4,7,0,B,231,453,113,137,66,179,641,207,142,40,21,55,6,244,516,101,120,87,219,676,225,153,45,13,74,3
279,7,4,0,A,230,442,113,133,71,175,644,205,148,41,18,62,6,215,510,98,125,73,221,601,226,150,45,12,74,5
280,3,7,1,B,215,449,118,141,61,172,609,208,141,39,16,57,6,227,514,106,122,80,218,640,219,148,45,13,75,6
281,7,4,0,A,222,461,112,140,75,181,631,212,143,40,19,62,6,215,503,94,126,77,213,601,225,155,42,12,78,3
282,5,6,0,B,206,453,120,142,67,175,599,208,146,39,16,59,4,228,512,108,126,83,218,647,223,151,47,15,75,2
283,6,4,1,A,234,455,115,137,79,178,662,206,140,38,19,57,5,233,510,91,119,85,219,642,226,155,44,15,70,5
284,6,4,1,A,222,453,120,138,68,176,632,213,140,42,19,59,6,224,519,96,119,71,224,615,225,149,45,14,72,6
285,4,7,0,B,199,450,110,138,67,176,575,209,142,36,18,54,4,228,514,99,121,76,219,631,223,150,44,13,73,3
286,3,7,1,B,180,454,117,142,59,179,536,207,144,36,19,54,5,242,511,91,116,89,219,664,226,152,43,15,77,5
287,6,5,0,A,214,448,115,138,71,172,614,203,144,43,20,61,5,224,514,94,118,76,222,618,225,153,47,13,71,4
288,2,9,0,B,204,446,111,142,63,174,582,204,146,38,20,63,4,258,504,94,120,96,215,706,230,148,45,16,72,6
289,4,6,1,B,210,448,116,141,71,173,607,214,143,40,18,58,5,247,510,92,117,86,221,672,233,160,45,13,76,5
290,5,6,0,B,216,447,119,138,72,174,623,215,147,38,18,58,7,260,511,94,117,89,217,703,217,154,41,11,73,4
291,4,7,0,B,214,446,108,134,58,173,594,213,141,38,18,55,5,238,517,106,128,76,220,658,224,154,41,12,77,4
292,6,5,0,A,210,442,120,145,57,171,597,213,148,44,18,58,4,227,517,93,121,78,223,625,222,153,41,14,73,2
293,5,5,1,TIE,216,450,119,140,63,176,614,210,137,41,18,60,6,228,515,104,120,76,222,636,226,158,41,11,71,4
294,4,7,0,B,204,455,109,134,60,174,577,207,143,38,18,59,6,234,513,98,120,75,220,641,226,146,47,12,74,3
295,6,5,0,A,211,452,111,142,68,177,601,212,144,37,20,59,4,235,518,86,115,84,220,640,225,149,47,10,79,3
296,8,3,0,A,229,451,109,135,75,177,642,213,152,40,18,56,6,232,517,92,124,77,224,633,227,149,49,9,76,3
297,6,5,0,A,214,450,110,136,59,173,597,206,147,39,20,55,6,224,512,95,121,68,219,611,226,152,41,13,73,1
298,6,5,0,A,231,452,112,142,68,180,642,207,147,39,18,56,6,232,510,99,117,78,220,641,221,150,47,14,78,3
299,5,6,0,B,202,456,117,139,64,180,585,206,142,40,18,57,6,238,509,90,123,83,220,649,227,149,38,13,72,4
300,4,6,1,B,215,453,109,138,69,177,608,211,145,40,18,58,5,226,516,92,116,74,221,618,224,152,42,12,77,5
301,5,6,0,B,218,451,118,139,69,178,623,207,143,39,19,57,4,235,518,99,118,83,224,652,218,158,42,16,75,5
302,7,4,0,A,215,450,119,136,65,178,614,212,144,42,20,53,5,221,513,86,114,69,221,597,219,151,43,12,69,2
303,6,5,0,A,212,456,109,134,64,179,597,209,139,39,21,61,5,218,514,97,122,77,222,610,228,150,40,15,70,4
304,4,7,0,B,199,455,116,145,73,180,587,203,138,38,17,53,5,233,505,101,120,74,219,641,230,150,47,12,75,3
305,5,6,0,B,201,447,114,142,64,176,580,210,146,39,20,59,5,217,502,92,120,75,216,601,224,150,47,15,69,6
306,3,8,0,B,208,451,117,144,65,179,598,210,140,44,17,60,5,238,509,98,121,89,218,663,230,157,49,14,70,6
307,3,8,0,B,192,444,111,137,60,172,555,209,139,39,19,56,5,246,507,102,123,82,217,676,223,154,47,12,70,4
308,6,5,0,A,224,447,120,135,64,175,632,208,144,39,18,57,6,221,508,97,122,84,218,623,222,149,43,13,73,2
309,6,5,0,A,211,451,109,141,65,176,596,212,145,43,22,58,6,233,511,103,126,77,221,646,223,158,41,11,73,1
310,5,6,0,B,232,447,128,147,76,176,668,217,141,39,21,56,6,248,510,93,119,96,220,685,226,151,43,12,74,2
311,4,7,0,B,203,455,117,143,60,177,583,207,145,43,20,59,7,232,510,90,120,78,216,632,227,156,48,14,76,2
312,7,4,0,A,226,452,126,140,75,177,653,211,145,39,19,56,6,230,510,88,119,78,220,626,225,150,48,12,73,5
313,5,5,1,TIE,223,448,117,143,74,172,637,212,142,38,20,63,5,241,512,99,121,77,219,658,221,152,46,12,73,3
314,7,4,0,A,217,448,109,139,77,176,620,205,146,40,20,60,4,233,512,92,120,76,220,634,225,150,43,11,75,1
315,5,6,0,B,226,445,114,144,76,174,642,210,144,41,17,56,6,235,519,100,121,85,222,655,225,150,45,9,69,4
316,5,6,0,B,212,440,114,139,66,172,604,207,143,40,17,63,5,231,508,98,118,78,216,638,230,157,46,15,73,3
317,6,5,0,A,239,453,113,136,84,177,675,207,144,38,17,62,6,251,519,99,120,92,222,693,223,154,47,15,73,3
318,3,8,0,B,209,451,110,132,66,178,594,209,140,41,20,60,5,252,515,106,127,95,223,705,220,147,44,12,74,2
319,7,4,0,A,216,449,121,143,69,177,622,207,145,41,18,62,4,220,502,97,117,71,217,608,229,154,44,14,72,3
320,7,4,0,A,218,453,123,144,66,177,625,209,143,42,15,58,5,224,508,94,119,76,218,618,220,154,46,13,73,3
321,5,6,0,B,230,449,116,139,74,177,650,209,145,40,18,56,6,246,509,95,121,94,219,681,226,147,44,14,75,3
322,6,5,0,A,227,457,108,135,75,183,637,211,144,38,20,58,6,222,515,98,119,80,221,622,225,151,45,11,74,4
323,5,6,0,B,228,450,119,136,66,175,641,210,135,43,17,60,6,241,515,90,123,88,221,660,223,154,44,13,73,3
324,5,6,0,B,229,456,119,139,63,178,640,207,144,38,19,59,6,242,519,100,121,82,219,666,224,156,44,10,73,5
325,4,7,0,B,226,457,114,140,65,178,631,209,146,36,17,59,5,230,511,104,119,84,220,648,220,149,45,13,74,0
326,4,7,0,B,214,451,117,138,60,176,605,205,144,41,18,58,5,221,514,106,124,78,221,626,224,154,47,12,74,2
327,5,6,0,B,215,452,110,139,65,177,605,213,144,37,18,61,5,245,509,97,125,79,219,666,224,157,44,13,74,2
328,8,3,0,A,218,455,116,136,70,178,622,204,148,42,20,59,6,224,513,85,113,69,217,602,227,157,44,13,76,4
329,6,5,0,A,209,450,110,139,72,177,600,209,145,40,17,58,6,230,516,91,116,73,219,624,225,149,45,14,73,4
330,5,6,0,B,207,452,112,135,53,178,579,214,146,37,18,60,5,235,514,104,127,76,218,650,228,151,43,14,71,4
331,6,5,0,A,215,448,115,144,66,177,611,203,148,37,21,61,6,226,515,89,116,74,222,615,227,150,51,11,76,4
332,5,6,0,B,206,451,115,142,52,175,579,213,140,38,19,60,6,227,522,91,116,69,227,614,229,155,49,11,72,4
333,5,6,0,B,224,447,107,138,75,176,630,208,144,40,19,61,5,247,519,98,121,88,222,680,225,152,43,13,77,4
334,5,6,0,B,214,453,115,139,63,179,606,206,142,39,18,61,6,239,515,90,119,85,218,653,228,150,44,12,75,3
335,5,4,2,A,216,447,120,144,66,172,618,207,145,44,16,56,4,222,514,98,124,76,221,618,217,150,45,13,74,4
336,5,6,0,B,203,447,111,138,73,177,590,207,144,39,18,60,5,236,512,86,121,81,218,639,218,146,46,12,72,3
337,3,8,0,B,196,447,110,137,58,176,560,213,144,42,17,56,6,231,511,96,117,78,217,636,217,148,45,13,77,1
338,4,7,0,B,196,448,118,143,60,177,570,211,143,40,18,58,5,236,516,96,122,78,222,646,222,151,44,17,69,3
339,7,4,0,A,226,454,110,139,76,180,638,210,144,40,17,60,5,220,509,92,114,63,218,595,229,152,43,13,72,2
340,7,4,0,A,223,452,123,139,67,177,636,203,151,41,21,58,5,221,513,99,118,72,217,613,226,153,49,14,74,4
341,6,4,1,A,219,455,117,141,68,178,623,205,144,43,19,55,6,244,507,97,119,83,218,668,219,154,43,13,72,4
342,4,6,1,B,207,449,109,136,68,175,591,212,146,41,17,59,5,244,513,98,120,76,219,662,219,149,41,13,72,4
343,6,5,0,A,217,457,119,140,66,178,619,204,146,35,17,60,5,238,514,90,117,76,222,642,224,154,47,14,72,2
344,5,6,0,B,198,442,117,136,56,172,569,207,144,42,17,57,5,226,509,100,117,75,216,627,223,152,43,14,75,4
345,7,4,0,A,235,450,117,138,66,176,653,208,144,38,20,57,5,211,516,93,121,71,220,586,220,155,49,12,71,1
346,5,5,1,TIE,199,442,121,137,61,173,580,209,144,44,17,56,6,229,515,96,123,84,222,638,226,154,39,17,74,1
347,5,5,1,TIE,204,448,120,138,71,175,599,204,145,43,20,56,4,233,509,96,118,71,216,633,222,156,46,11,75,3
348,5,6,0,B,210,452,109,137,66,177,595,206,143,39,17,62,5,229,506,102,122,79,215,639,224,153,43,12,73,1
349,8,3,0,A,240,455,115,138,82,178,677,206,146,39,20,59,5,245,520,102,123,80,221,672,223,151,48,12,72,3
350,6,5,0,A,222,452,112,135,76,178,632,215,144,41,19,62,6,240,512,98,121,79,217,657,218,149,44,11,72,5
351,4,7,0,B,234,443,112,138,69,172,649,212,142,38,16,56,6,254,510,108,125,88,219,704,226,144,48,13,72,0
352,7,4,0,A,218,448,117,140,66,175,619,204,149,39,18,57,6,207,516,102,126,71,221,587,236,154,46,14,73,3
353,3,7,1,B,203,446,123,143,58,174,587,206,145,40,17,54,5,248,515,91,118,85,219,672,219,153,44,17,76,3
354,4,7,0,B,219,445,102,134,65,175,605,209,145,42,17,57,5,244,513,94,120,86,219,668,228,153,44,14,76,4
355,6,4,1,A,222,450,113,140,66,176,623,203,144,38,16,58,4,221,514,90,113,74,220,606,225,145,41,10,72,4
356,8,3,0,A,208,464,128,143,60,181,604,210,139,39,16,58,5,219,515,95,121,58,217,591,220,151,46,14,71,4
357,5,6,0,B,232,453,114,136,66,176,644,209,140,41,18,62,6,238,510,92,119,90,219,658,229,151,47,15,73,3
358,6,5,0,A,234,444,120,142,79,175,667,210,143,41,19,58,7,246,519,96,116,82,222,670,223,150,47,13,73,3
359,5,6,0,B,228,441,106,137,67,172,629,206,143,41,19,54,6,253,516,83,114,90,221,679,222,149,44,12,74,4
360,5,5,1,TIE,228,452,116,139,75,179,647,205,142,36,19,60,5,240,511,92,118,82,218,654,225,152,40,10,75,5
361,4,6,1,B,217,442,119,141,65,172,618,213,141,43,20,57,5,243,503,89,120,84,215,659,220,154,43,15,76,6
362,3,7,1,B,204,452,117,141,56,178,581,209,144,43,17,65,5,218,512,99,118,71,219,606,232,149,49,11,72,5
363,5,6,0,B,232,460,115,146,74,178,653,209,142,42,17,58,6,235,509,104,121,81,219,655,218,159,47,15,72,4
364,4,7,0,B,207,445,110,136,61,175,585,215,150,38,20,57,5,247,509,94,119,83,217,671,222,155,46,9,76,2
365,8,3,0,A,220,446,122,139,73,176,635,213,147,42,20,56,5,227,504,101,128,71,213,626,219,150,45,13,74,4
366,7,4,0,A,217,441,117,137,71,171,622,206,138,40,18,57,5,233,508,96,121,68,217,630,226,150,48,13,75,3
367,5,4,2,A,194,442,113,134,60,172,561,207,141,41,18,57,4,202,518,93,120,64,227,561,227,153,48,13,74,4
368,4,7,0,B,205,447,110,140,73,176,593,212,143,36,17,58,4,235,517,96,121,86,221,652,220,147,44,10,73,6
369,8,3,0,A,212,454,109,134,72,176,605,208,145,40,19,61,6,212,505,96,119,68,216,588,225,151,46,12,75,2
370,5,6,0,B,220,448,121,137,65,175,626,209,143,43,19,55,6,240,509,94,123,83,219,657,224,154,47,11,76,3
371,5,6,0,B,222,449,110,134,73,178,627,207,150,38,16,58,5,244,515,104,122,84,221,676,219,156,47,12,71,3
372,7,4,0,A,216,450,117,145,64,177,613,212,146,40,20,57,6,227,510,92,120,65,216,611,224,152,49,13,70,4
373,4,7,0,B,192,450,114,142,51,177,549,211,147,39,19,59,6,210,513,96,119,68,216,584,231,152,45,16,73,2
374,5,5,1,TIE,225,451,99,136,74,176,623,212,143,39,19,58,6,237,515,96,120,74,220,644,217,149,46,14,72,2
375,6,5,0,A,212,449,119,141,70,177,613,211,138,36,18,63,6,237,509,89,118,79,220,642,225,157,46,15,75,3
376,7,4,0,A,232,447,113,147,72,174,649,209,143,41,21,57,5,219,509,103,121,69,220,610,229,153,44,11,70,2
377,4,7,0,B,198,442,109,136,64,174,569,208,148,39,18,62,5,248,522,102,128,86,225,684,227,154,43,15,72,2
378,7,4,0,A,209,436,113,142,66,171,597,210,143,42,19,58,5,211,513,95,123,62,217,579,230,152,48,13,77,6
379,5,6,0,B,214,454,114,136,55,178,597,211,141,40,17,60,5,237,514,94,124,81,219,649,225,152,48,13,78,3
380,4,7,0,B,199,450,121,139,59,174,578,205,144,40,20,59,6,245,513,97,124,80,217,667,225,152,42,13,73,3
381,3,8,0,B,213,457,121,136,55,177,602,210,148,43,18,60,5,238,508,89,118,79,217,644,221,154,45,14,76,6
382,5,6,0,B,213,450,116,140,73,176,615,201,146,33,17,57,4,249,512,98,125,77,219,673,232,150,46,13,72,1
383,4,7,0,B,209,452,112,135,69,177,599,211,148,42,17,57,7,244,519,99,117,72,221,659,221,149,47,12,76,4
384,4,6,1,B,209,447,113,133,65,174,596,207,145,40,14,59,5,234,507,96,125,86,218,650,216,148,46,13,76,5
385,8,3,0,A,225,448,113,136,70,176,633,210,145,45,20,57,6,227,511,91,118,80,218,625,223,152,44,15,72,4
386,5,5,1,TIE,209,461,122,147,64,179,604,208,141,41,18,62,6,231,509,94,119,67,217,623,222,155,41,9,71,4
387,4,7,0,B,215,444,107,134,65,175,602,213,140,42,15,59,4,248,508,96,121,83,220,675,225,158,48,14,74,3
388,5,6,0,B,196,451,119,141,67,176,578,209,141,43,20,60,4,251,518,94,123,82,220,678,224,150,44,13,75,2
389,5,6,0,B,212,451,115,143,73,178,612,211,144,40,19,56,6,242,518,96,119,77,223,657,226,155,47,13,69,2
390,5,6,0,B,225,451,116,140,76,176,642,216,145,40,18,57,6,263,516,94,119,88,220,708,227,149,45,12,72,3
391,5,6,0,B,198,442,111,138,57,174,564,210,145,39,18,61,6,227,516,89,118,74,220,617,228,149,44,12,74,3
392,4,7,0,B,207,449,111,143,72,178,597,211,147,38,16,55,6,241,510,90,112,85,216,657,222,151,46,13,74,3
393,3,7,1,B,210,455,111,135,68,180,599,208,143,37,21,60,4,251,510,88,120,85,217,675,221,153,45,15,76,4
394,5,6,0,B,200,450,115,136,53,179,568,212,149,39,20,58,4,228,515,91,120,93,224,640,229,151,44,13,76,3
395,4,6,1,B,205,449,112,143,52,175,574,204,148,41,19,60,5,204,508,98,119,70,220,576,229,148,44,13,74,3
396,3,7,1,B,217,448,113,140,72,173,619,206,146,37,16,62,4,254,514,99,117,83,220,690,218,152,44,14,74,4
397,4,7,0,B,212,448,121,145,64,175,609,213,144,39,18,56,4,244,510,95,122,86,219,669,220,155,45,11,73,3
398,5,6,0,B,212,451,127,145,57,179,608,206,138,40,19,59,5,221,510,95,121,81,219,618,221,154,47,16,71,3
399,2,8,1,B,204,451,114,140,65,176,587,218,143,39,16,58,5,250,517,100,120,88,220,688,226,152,46,16,75,3
400,4,7,0,B,208,449,113,139,65,175,594,210,141,39,20,62,6,245,512,93,127,91,221,674,218,149,47,13,77,0
401,6,5,0,A,207,453,117,139,53,174,584,215,141,39,19,57,5,214,510,85,117,69,220,582,230,153,43,12,76,2
402,6,5,0,A,208,454,115,144,77,178,608,203,141,42,16,60,5,224,517,90,121,91,221,629,222,152,48,14,76,3
403,5,6,0,B,201,445,109,141,64,175,575,209,144,40,20,60,5,226,523,94,120,75,224,621,227,150,44,12,72,2
404,6,5,0,A,225,450,111,142,77,177,638,213,147,43,16,57,6,221,504,100,119,78,215,620,226,154,49,11,75,2
405,5,6,0,B,226,456,118,145,62,175,632,212,142,42,18,62,4,243,525,87,114,91,225,664,223,153,44,13,73,3
406,6,5,0,A,235,452,113,145,79,175,662,208,141,42,18,60,6,244,514,100,129,85,220,673,227,154,44,14,75,4
407,5,6,0,B,214,460,119,139,70,180,617,205,142,37,21,60,6,240,510,95,120,85,219,660,222,149,41,11,78,2
408,8,3,0,A,221,455,114,138,75,178,631,209,145,37,19,59,6,226,518,92,114,68,223,612,223,146,42,12,72,3
409,2,9,0,B,200,442,112,140,63,174,575,214,144,40,19,62,4,239,517,92,114,84,218,654,225,146,43,11,77,5
410,4,7,0,B,210,450,114,137,61,177,595,210,138,41,16,54,5,240,501,98,123,87,214,665,224,148,47,14,72,4
411,8,2,1,A,242,454,111,132,86,180,681,209,147,42,20,55,6,224,511,95,117,79,217,622,222,154,42,15,75,3
412,6,5,0,A,218,450,119,139,71,177,626,205,144,42,17,60,6,239,510,101,129,84,221,663,217,156,49,10,74,2
413,5,6,0,B,215,454,118,136,68,176,616,210,140,41,20,59,5,244,516,97,125,89,222,674,222,155,46,14,72,1
414,6,5,0,A,221,452,116,133,66,175,624,210,146,42,18,60,6,235,514,100,129,78,220,648,221,153,47,12,74,4
415,6,5,0,A,220,456,123,145,71,178,634,213,143,43,18,62,6,234,506,104,124,82,216,654,226,154,50,12,77,3
416,3,8,0,B,207,455,118,140,68,179,600,207,148,41,20,61,4,243,513,100,125,85,219,671,227,151,44,11,71,5
417,5,6,0,B,199,452,117,146,56,177,571,210,140,42,19,56,6,220,521,96,118,68,226,604,222,156,44,11,72,5
418,6,5,0,A,210,450,122,136,63,176,605,212,146,39,19,59,6,233,508,92,123,68,217,626,224,156,44,9,75,3
419,7,3,1,A,220,447,115,138,77,173,632,209,147,42,20,58,5,228,514,82,117,72,218,610,221,153,43,14,70,5
420,8,3,0,A,209,455,115,135,69,179,602,209,140,41,18,56,5,225,508,96,119,64,216,610,223,155,39,14,71,3
421,4,7,0,B,204,444,111,141,59,173,578,209,138,40,19,53,5,226,511,95,118,82,220,629,217,154,47,14,75,4
422,7,4,0,A,244,454,112,136,79,179,679,206,146,41,20,58,6,244,513,92,113,88,222,668,222,154,51,18,72,3
423,6,4,1,A,215,442,120,144,69,173,619,206,143,41,18,62,5,216,521,88,114,76,224,596,221,155,44,16,76,5
424,4,7,0,B,200,453,115,143,61,179,576,203,146,42,20,57,5,227,513,85,115,75,220,614,228,152,43,13,71,4
425,4,7,0,B,214,454,111,140,62,178,601,210,145,43,17,55,6,236,507,102,121,87,219,661,224,150,47,16,73,4
426,6,4,1,A,214,442,126,146,70,173,624,212,145,40,16,61,6,223,510,95,120,73,219,614,230,149,45,16,76,2
427,7,4,0,A,218,452,118,142,76,177,630,209,148,44,20,58,5,231,515,104,127,80,221,646,219,149,41,14,75,3
428,9,2,0,A,230,454,120,142,82,177,662,211,146,38,17,61,5,232,509,98,116,76,219,638,217,145,49,12,77,3
429,5,6,0,B,218,453,114,140,71,175,621,209,141,43,18,56,6,251,519,83,120,79,219,664,226,150,45,15,77,3
430,6,5,0,A,228,452,110,140,63,178,629,214,145,40,18,59,5,233,510,91,121,76,218,633,230,151,44,14,72,2
431,4,7,0,B,209,457,115,136,57,182,590,211,144,37,17,59,6,243,516,102,123,93,219,681,226,149,46,11,73,4
432,6,4,1,A,229,452,114,135,76,174,648,205,143,38,20,60,5,217,509,102,129,77,221,613,222,151,49,13,71,5
433,6,5,0,A,227,451,114,140,71,176,639,203,143,38,20,55,6,236,522,98,123,85,224,655,222,149,45,12,73,2
434,6,5,0,A,226,445,119,142,74,175,645,209,143,38,19,62,5,248,522,91,119,83,222,670,222,157,43,11,74,3
435,5,6,0,B,206,448,117,135,60,173,589,214,143,39,19,62,6,227,507,91,116,75,216,620,220,151,44,11,71,4
436,4,7,0,B,213,456,111,140,60,179,597,208,143,38,18,60,5,239,525,92,121,79,224,649,224,153,45,19,77,3
437,5,5,1,TIE,225,455,110,140,70,177,630,213,143,39,18,59,4,241,521,97,126,86,222,665,226,145,45,13,70,4
438,5,6,0,B,204,440,115,139,61,171,584,213,147,40,19,60,6,247,513,99,121,80,221,673,221,146,50,11,74,4
439,6,5,0,A,196,449,107,134,63,174,562,206,143,42,18,57,5,224,511,87,117,69,217,604,222,155,41,10,72,4
440,6,5,0,A,210,450,119,143,71,177,610,214,141,40,18,59,6,224,514,91,120,81,218,620,224,156,45,11,74,4
441,5,6,0,B,216,445,106,136,67,174,605,211,147,42,18,59,6,235,514,103,126,75,220,648,223,153,46,13,76,4
442,4,7,0,B,214,445,102,133,72,174,602,211,142,39,19,55,6,222,512,93,121,76,219,613,228,152,44,12,74,8
443,3,8,0,B,193,446,112,140,54,175,552,211,144,40,20,62,4,231,500,101,123,87,213,650,225,156,44,13,74,1
444,6,5,0,A,226,450,117,138,65,176,634,218,148,44,20,57,5,226,508,97,121,77,217,626,232,152,52,16,75,6
445,4,6,1,B,213,454,107,138,64,181,597,209,140,41,19,57,4,226,517,102,127,81,223,635,229,154,39,13,67,4
446,4,7,0,B,207,448,121,148,63,176,598,207,140,39,17,58,6,237,521,98,118,82,224,654,221,150,44,14,69,5
447,4,7,0,B,203,449,115,134,62,175,583,209,143,39,16,64,5,238,517,94,123,81,224,651,224,158,46,12,75,4
448,4,7,0,B,231,446,109,137,64,174,635,210,145,39,17,59,6,230,520,100,120,84,224,644,228,152,49,15,72,5
449,5,6,0,B,214,441,117,142,71,169,616,210,146,40,20,59,6,230,514,102,120,76,219,638,225,153,48,12,73,4
450,8,3,0,A,214,455,115,137,71,180,614,208,143,42,17,63,6,211,514,99,122,65,221,586,223,150,46,16,77,4
451,6,4,1,A,226,446,115,142,77,178,644,203,141,39,16,57,5,230,519,102,120,71,223,633,218,154,43,16,72,2
452,5,6,0,B,202,449,115,141,63,174,582,209,140,40,16,59,4,230,517,93,120,73,222,626,227,155,46,9,69,5
453,6,5,0,A,220,451,123,144,67,175,630,207,144,39,16,61,6,220,520,105,120,75,226,620,222,147,46,10,77,1
454,5,5,1,TIE,200,452,114,135,67,177,581,216,145,44,20,59,5,248,503,96,121,81,215,673,221,154,44,12,73,4
455,4,7,0,B,214,448,102,139,70,177,600,211,148,42,16,59,5,240,515,95,119,88,220,663,222,154,47,11,67,3
456,4,7,0,B,209,457,108,135,73,181,599,212,140,42,18,60,6,242,516,99,120,86,223,669,225,155,44,12,74,4
457,8,3,0,A,242,456,119,139,76,179,679,208,144,40,20,58,6,222,513,103,123,66,219,613,224,152,43,17,74,4
458,7,4,0,A,220,451,114,140,71,176,625,207,146,40,14,61,5,228,513,93,117,72,220,621,224,147,47,13,70,3
459,4,6,1,B,213,456,110,141,61,178,597,206,138,41,18,63,4,228,500,95,125,84,213,635,218,157,46,9,72,4
460,3,8,0,B,210,451,113,143,58,180,591,207,143,39,18,58,6,242,513,97,121,83,220,664,220,157,45,16,70,2
461,8,3,0,A,224,455,103,134,74,178,625,208,141,40,20,58,6,219,516,95,124,68,218,601,233,154,41,14,73,5
462,7,4,0,A,226,448,114,139,64,175,630,200,139,36,20,59,5,222,518,105,132,77,223,626,220,155,40,12,71,3
463,5,5,1,TIE,215,445,111,141,65,173,606,205,147,41,18,61,5,218,506,93,118,68,218,597,226,155,44,12,68,5
464,5,6,0,B,224,455,121,138,66,179,635,210,140,43,22,60,5,237,511,91,117,82,217,647,219,148,46,13,72,4
465,5,6,0,B,216,448,114,137,57,176,603,208,143,41,17,57,5,243,509,98,124,79,219,663,223,144,42,13,76,4
466,4,7,0,B,201,449,106,137,57,172,565,203,144,42,20,56,5,222,517,99,125,81,222,624,232,152,44,13,72,3
467,4,7,0,B,197,452,111,135,59,175,564,208,142,39,18,58,4,229,514,96,122,81,221,635,223,153,46,14,73,3
468,7,4,0,A,233,451,112,135,74,179,652,207,145,41,17,60,7,228,514,100,123,83,219,639,219,151,44,12,74,1
469,5,6,0,B,220,448,97,140,62,173,599,206,143,36,18,58,6,221,515,91,119,76,223,609,223,152,41,14,74,2
470,8,3,0,A,228,451,118,140,78,175,652,207,148,39,20,60,6,229,513,89,123,74,222,621,225,154,45,14,80,4
471,5,6,0,B,215,450,113,137,69,176,612,213,146,39,17,61,5,226,510,93,120,86,219,631,228,155,45,11,77,2
472,6,5,0,A,214,452,120,142,67,179,615,208,146,40,18,55,5,236,511,93,121,83,222,648,227,148,46,14,77,4
473,5,5,1,TIE,217,449,108,138,73,176,615,210,147,36,20,58,5,216,507,96,121,79,218,607,220,153,44,14,74,5
474,8,3,0,A,207,445,118,141,71,176,603,208,145,42,19,57,6,209,499,96,119,67,213,581,220,152,44,15,72,5
475,6,5,0,A,229,446,116,136,71,177,645,208,147,36,17,60,6,237,511,93,114,82,217,649,226,152,42,13,73,5
476,5,6,0,B,225,451,107,137,73,176,630,221,140,38,18,60,5,229,507,95,119,82,220,635,224,151,44,13,75,2
477,5,6,0,B,202,451,118,146,64,175,586,213,144,41,17,61,5,228,512,95,120,83,221,634,221,152,46,15,74,2
478,7,4,0,A,210,446,119,140,62,175,601,211,142,35,19,59,5,215,505,90,116,64,217,584,219,156,40,12,69,2
479,7,4,0,A,216,450,119,146,68,178,619,209,142,39,17,58,5,221,512,96,121,73,218,611,225,151,46,13,71,1
480,7,4,0,A,222,443,119,141,72,174,635,209,145,42,21,58,5,242,510,85,114,82,217,651,227,152,40,14,72,1
481,7,4,0,A,229,453,119,138,68,177,645,205,142,39,18,63,6,228,508,97,120,72,220,625,229,148,46,12,73,4
482,5,5,1,TIE,213,444,112,136,72,171,610,212,144,39,20,56,5,240,514,92,126,87,221,659,222,152,48,15,68,5
483,5,6,0,B,207,446,129,142,69,175,612,208,140,39,16,60,6,237,510,99,118,71,218,644,225,150,45,13,74,2
484,5,6,0,B,221,440,107,139,65,173,614,207,144,38,21,56,5,226,515,94,119,77,223,623,218,154,41,12,71,2
485,6,5,0,A,211,449,121,141,65,178,608,208,146,42,21,62,5,218,512,111,126,63,221,610,224,153,47,13,74,2
486,7,4,0,A,231,455,106,134,75,177,643,215,145,40,19,60,5,225,515,94,116,66,222,610,226,150,44,12,73,2
487,4,7,0,B,217,455,120,139,61,177,615,210,142,42,17,60,6,254,514,98,124,91,224,697,222,150,44,11,75,2
488,4,7,0,B,207,450,115,140,55,175,584,204,144,41,20,59,6,240,515,90,127,84,222,654,227,154,47,15,76,3
489,8,3,0,A,223,452,111,134,77,179,634,212,145,38,20,58,5,225,513,93,123,67,219,610,225,148,48,12,75,3
490,3,7,1,B,211,452,117,140,67,177,606,210,144,39,15,62,4,248,511,90,119,92,219,678,226,152,43,15,76,2
491,2,9,0,B,197,453,109,141,65,177,568,212,142,42,19,58,6,244,504,106,127,80,216,674,230,155,48,11,77,7
492,4,7,0,B,211,452,116,142,69,178,607,212,147,40,20,60,6,244,510,98,121,89,218,675,223,148,44,11,74,5
493,3,8,0,B,200,455,109,143,66,178,575,211,142,40,22,54,6,239,506,99,122,89,219,666,230,154,42,13,72,4
494,6,5,0,A,217,453,117,138,70,178,621,208,145,41,19,59,5,233,513,92,121,79,220,637,219,156,45,16,70,3
495,6,5,0,A,204,444,124,144,62,174,594,211,141,41,19,58,6,218,508,86,114,74,220,596,221,152,42,13,73,2
496,5,5,1,TIE,206,437,118,148,68,171,598,208,146,42,21,57,6,235,518,99,120,78,222,647,224,154,42,13,74,2
497,5,6,0,B,222,448,119,143,73,175,636,213,148,40,18,57,6,237,513,103,116,85,220,662,221,155,43,15,72,4
498,6,5,0,A,204,449,122,137,63,177,593,207,145,41,19,57,6,228,512,86,118,72,218,614,230,149,46,14,70,4
499,6,5,0,A,217,452,107,135,71,179,612,212,142,39,19,57,7,234,513,97,125,84,219,649,229,154,42,12,70,3
